,Bangladesh,D.R.Congo,Dominican Republic,Jordan,Lesotho,Morocco,Mongolia,Malawi,Nigeria,Peru,Philippines,Senegal,Sierra Leone,Suriname,Togo,South Africa,Zimbabwe
BAM-1,1.134317784,3.334404641,1.21967651,5.292059437,0.3419704422,1.317895055,1.77388776,2.867575023,2.6746642,0.8124111879,1.678962576,2.754942452,2.263580753,1.14000157,2.686915096,1.489897995,1.445184796
BAM-2,1.15497851,3.33446326,1.18328736,5.295650139,0.6134261199,1.404421947,1.971650353,2.848591635,2.678918733,0.8633118874,1.698106893,2.792373128,2.240132063,1.119521452,2.648327646,1.592860521,1.737878104
BAM-3,1.131010625,3.31124867,1.148354149,4.205780004,0.745768178,1.386331164,1.984030953,2.781227387,2.656206288,1.156589341,1.613022337,2.807494546,2.194257372,1.07023864,2.581074619,1.558015085,1.709217257
BAM-4,1.085411827,3.270719974,1.11299802,2.726140939,0.7835520688,1.306431732,1.887508629,2.688064414,2.617671103,1.572542439,1.476190082,2.803953135,2.159344735,1.00610935,2.499009264,1.444440342,1.504349951
BAM-5,1.041383475,3.206892563,1.062741294,1.588349334,0.8000314868,1.235970828,1.757221517,2.641341193,2.575711629,1.667212519,1.380230782,2.765920955,2.122837242,0.943021223,2.433069909,1.339997613,1.415761714
BAM-6,0.9813834748,3.146892563,1.002741294,1.528349334,0.7400314868,1.175970828,1.697221517,2.581341193,2.515711629,1.607212519,1.320230782,2.705920955,2.062837242,0.883021223,2.373069909,1.279997613,1.355761714